<?xml version="1.0" encoding="utf-8"?>
<!DOCTYPE hibernate-mapping PUBLIC "-//Hibernate/Hibernate Mapping DTD 3.0//EN"
"http://www.hibernate.org/dtd/hibernate-mapping-3.0.dtd">
<!-- 
    Mapping file autogenerated by MyEclipse Persistence Tools
-->
<hibernate-mapping>
    <class name="tb_cards" table="tb_cards" catalog="aaaa">
        <id name="cardNumber" type="java.lang.String">
            <column name="cardNumber" length="19" />
            <generator class="assigned" />
        </id>
        <property name="password" type="java.lang.String">
            <column name="password" length="6" not-null="true" />
        </property>
        <property name="balance" type="java.lang.Double">
            <column name="balance" precision="9" not-null="true" />
        </property>
        <property name="username" type="java.lang.String">
            <column name="username" length="18" not-null="true" />
        </property>
        <property name="history" type="java.lang.String">
            <column name="history" />
        </property>
    </class>
</hibernate-mapping>
